what,kind,bundleId,bundleVersion,description,time
deactivated,workbench,org.eclipse.ui.workbench,3.6.0.I20100603-1100,"",1279101118625
activated,workbench,org.eclipse.ui.workbench,3.6.0.I20100603-1100,"",1279101139575
executed,command,org.eclipse.ui.workbench.texteditor,3.6.0.v20100520-0800,"org.eclipse.ui.edit.text.goto.lineStart",1279101150284
executed,command,org.eclipse.ui.workbench.texteditor,3.6.0.v20100520-0800,"org.eclipse.ui.edit.text.select.lineEnd",1279101156540
executed,command,org.eclipse.ui,3.6.0.I20100603-1100,"org.eclipse.ui.edit.delete",1279101156950
executed,command,org.eclipse.ui,3.6.0.I20100603-1100,"org.eclipse.ui.edit.delete",1279101157475
executed,command,org.eclipse.ui,3.6.0.I20100603-1100,"org.eclipse.ui.edit.delete",1279101158032
executed,command,org.eclipse.ui,3.6.0.I20100603-1100,"org.eclipse.ui.edit.delete",1279101158208
executed,command,org.eclipse.ui,3.6.0.I20100603-1100,"org.eclipse.ui.edit.delete",1279101158504
executed,command,org.eclipse.ui,3.6.0.I20100603-1100,"org.eclipse.ui.file.save",1279101158909
deactivated,workbench,org.eclipse.ui.workbench,3.6.0.I20100603-1100,"",1279101161168
activated,workbench,org.eclipse.ui.workbench,3.6.0.I20100603-1100,"",1279101166210
deactivated,workbench,org.eclipse.ui.workbench,3.6.0.I20100603-1100,"",1279101168279
activated,workbench,org.eclipse.ui.workbench,3.6.0.I20100603-1100,"",1279101185938
deactivated,workbench,org.eclipse.ui.workbench,3.6.0.I20100603-1100,"",1279101192192
activated,workbench,org.eclipse.ui.workbench,3.6.0.I20100603-1100,"",1279101797335
deactivated,workbench,org.eclipse.ui.workbench,3.6.0.I20100603-1100,"",1279101800395
activated,workbench,org.eclipse.ui.workbench,3.6.0.I20100603-1100,"",1279101827494
activated,editor,org.eclipse.jdt.ui,3.6.0.v20100602-1600,"org.eclipse.jdt.ui.CompilationUnitEditor",1279101831097
activated,editor,org.eclipse.jdt.ui,3.6.0.v20100602-1600,"org.eclipse.jdt.ui.CompilationUnitEditor",1279101833967
deactivated,workbench,org.eclipse.ui.workbench,3.6.0.I20100603-1100,"",1279101834728
activated,workbench,org.eclipse.ui.workbench,3.6.0.I20100603-1100,"",1279101979713
activated,editor,org.eclipse.jdt.ui,3.6.0.v20100602-1600,"org.eclipse.jdt.ui.CompilationUnitEditor",1279101984942
activated,editor,org.eclipse.jdt.ui,3.6.0.v20100602-1600,"org.eclipse.jdt.ui.CompilationUnitEditor",1279101986979
deactivated,workbench,org.eclipse.ui.workbench,3.6.0.I20100603-1100,"",1279101988069
activated,workbench,org.eclipse.ui.workbench,3.6.0.I20100603-1100,"",1279102092390
activated,editor,org.eclipse.jdt.ui,3.6.0.v20100602-1600,"org.eclipse.jdt.ui.CompilationUnitEditor",1279102096632
activated,editor,org.eclipse.jdt.ui,3.6.0.v20100602-1600,"org.eclipse.jdt.ui.CompilationUnitEditor",1279102100731
executed,command,org.eclipse.ui.workbench.texteditor,3.6.0.v20100520-0800,"org.eclipse.ui.edit.text.select.lineEnd",1279102108753
executed,command,org.eclipse.ui,3.6.0.I20100603-1100,"org.eclipse.ui.edit.copy",1279102109155
executed,command,org.eclipse.ui,3.6.0.I20100603-1100,"org.eclipse.ui.edit.paste",1279102109699
started,bundle,org.eclipse.jst.ws.annotations.core,1.0.0.v201004262257,"org.eclipse.jst.ws.annotations.core",1279102131208
executed,command,org.eclipse.ui,3.6.0.I20100603-1100,"org.eclipse.ui.file.save",1279102131834
executed,command,org.eclipse.ui,3.6.0.I20100603-1100,"org.eclipse.ui.file.save",1279102147185
executed,command,org.eclipse.ui,3.6.0.I20100603-1100,"org.eclipse.ui.file.save",1279102158125
executed,command,org.eclipse.ui,3.6.0.I20100603-1100,"org.eclipse.ui.file.save",1279102176024
activated,editor,org.eclipse.jdt.ui,3.6.0.v20100602-1600,"org.eclipse.jdt.ui.CompilationUnitEditor",1279102178230
executed,command,org.eclipse.ui.workbench.texteditor,3.6.0.v20100520-0800,"org.eclipse.ui.edit.text.goto.lineEnd",1279102183664
executed,command,org.eclipse.ui,3.6.0.I20100603-1100,"org.eclipse.ui.file.save",1279102184102
activated,editor,org.eclipse.jdt.ui,3.6.0.v20100602-1600,"org.eclipse.jdt.ui.CompilationUnitEditor",1279102185905
executed,command,org.eclipse.ui.workbench.texteditor,3.6.0.v20100520-0800,"org.eclipse.ui.edit.text.goto.lineEnd",1279102188919
executed,command,org.eclipse.ui,3.6.0.I20100603-1100,"org.eclipse.ui.file.save",1279102194505
executed,command,org.eclipse.ui.workbench.texteditor,3.6.0.v20100520-0800,"org.eclipse.ui.edit.text.goto.lineEnd",1279102212695
executed,command,,,"AUTOGEN:::org.eclipse.jdt.internal.ui.CompilationUnitEditor.ruler.actions/org.eclipse.jdt.internal.ui.javaeditor.JavaSelectRulerAction",1279102215058
deactivated,workbench,org.eclipse.ui.workbench,3.6.0.I20100603-1100,"",1279102217185
activated,workbench,org.eclipse.ui.workbench,3.6.0.I20100603-1100,"",1279102217354
activated,editor,org.eclipse.jdt.ui,3.6.0.v20100602-1600,"org.eclipse.jdt.ui.CompilationUnitEditor",1279102217396
activated,editor,org.eclipse.jdt.ui,3.6.0.v20100602-1600,"org.eclipse.jdt.ui.CompilationUnitEditor",1279102219872
executed,command,,,"AUTOGEN:::org.eclipse.jdt.internal.ui.CompilationUnitEditor.ruler.actions/org.eclipse.jdt.internal.ui.javaeditor.JavaSelectRulerAction",1279102225494
deactivated,workbench,org.eclipse.ui.workbench,3.6.0.I20100603-1100,"",1279102233730
activated,workbench,org.eclipse.ui.workbench,3.6.0.I20100603-1100,"",1279102236349
deactivated,workbench,org.eclipse.ui.workbench,3.6.0.I20100603-1100,"",1279102238593
activated,workbench,org.eclipse.ui.workbench,3.6.0.I20100603-1100,"",1279102242960
deactivated,workbench,org.eclipse.ui.workbench,3.6.0.I20100603-1100,"",1279102242975
activated,workbench,org.eclipse.ui.workbench,3.6.0.I20100603-1100,"",1279102245224
opened,view,org.eclipse.debug.ui,3.6.0.v20100601-1530,"org.eclipse.debug.ui.DebugView",1279102245541
opened,view,org.eclipse.debug.ui,3.6.0.v20100601-1530,"org.eclipse.debug.ui.VariableView",1279102245636
activated,perspective,org.eclipse.debug.ui,3.6.0.v20100601-1530,"org.eclipse.debug.ui.DebugPerspective",1279102245676
started,bundle,org.eclipse.wst.jsdt.debug.core,1.0.0.v201006082045,"org.eclipse.wst.jsdt.debug.core",1279102246470
opened,view,org.eclipse.debug.ui,3.6.0.v20100601-1530,"org.eclipse.debug.ui.BreakpointView",1279102246502
deactivated,workbench,org.eclipse.ui.workbench,3.6.0.I20100603-1100,"",1279102249490
activated,workbench,org.eclipse.ui.workbench,3.6.0.I20100603-1100,"",1279102252645
activated,view,org.eclipse.ui.views,3.5.0.I20100527-0800,"org.eclipse.ui.views.ContentOutline",1279102259967
activated,editor,org.eclipse.jdt.ui,3.6.0.v20100602-1600,"org.eclipse.jdt.ui.CompilationUnitEditor",1279102260216
opened,view,org.eclipse.ui.ide,3.6.0.I20100601-0800,"org.eclipse.ui.views.ProblemView",1279102265220
started,bundle,org.eclipse.search,3.6.0.v20100520-0800,"org.eclipse.search",1279102265296
opened,view,org.eclipse.mylyn.tasks.ui,3.4.0.v20100608-0100-e3x,"org.eclipse.mylyn.tasks.ui.views.tasks",1279102265451
activated,perspective,org.eclipse.jdt.ui,3.6.0.v20100602-1600,"org.eclipse.jdt.ui.JavaPerspective",1279102265474
activated,perspective,org.eclipse.debug.ui,3.6.0.v20100601-1530,"org.eclipse.debug.ui.DebugPerspective",1279102267010
activated,view,org.eclipse.ui.console,3.5.0.v20100526,"org.eclipse.ui.console.ConsoleView",1279102272211
activated,view,org.eclipse.debug.ui,3.6.0.v20100601-1530,"org.eclipse.debug.ui.VariableView",1279102281167
activated,view,org.eclipse.debug.ui,3.6.0.v20100601-1530,"org.eclipse.debug.ui.DebugView",1279102285474
activated,editor,org.eclipse.jdt.ui,3.6.0.v20100602-1600,"org.eclipse.jdt.ui.CompilationUnitEditor",1279102289779
activated,editor,org.eclipse.jdt.ui,3.6.0.v20100602-1600,"org.eclipse.jdt.ui.CompilationUnitEditor",1279102290984
activated,perspective,org.eclipse.jdt.ui,3.6.0.v20100602-1600,"org.eclipse.jdt.ui.JavaPerspective",1279102309444
activated,editor,org.eclipse.jdt.ui,3.6.0.v20100602-1600,"org.eclipse.jdt.ui.CompilationUnitEditor",1279102311223
executed,command,org.eclipse.ui,3.6.0.I20100603-1100,"org.eclipse.ui.file.save",1279102312943
activated,editor,org.eclipse.jdt.ui,3.6.0.v20100602-1600,"org.eclipse.jdt.ui.CompilationUnitEditor",1279102318511
deactivated,workbench,org.eclipse.ui.workbench,3.6.0.I20100603-1100,"",1279102329065
activated,workbench,org.eclipse.ui.workbench,3.6.0.I20100603-1100,"",1279102529162
executed,command,org.eclipse.ui,3.6.0.I20100603-1100,"org.eclipse.ui.edit.cut",1279102532436
executed,command,org.eclipse.ui,3.6.0.I20100603-1100,"org.eclipse.ui.edit.paste",1279102535350
executed,command,org.eclipse.ui.workbench.texteditor,3.6.0.v20100520-0800,"org.eclipse.ui.edit.text.goto.lineStart",1279102536017
executed,command,org.eclipse.ui.workbench.texteditor,3.6.0.v20100520-0800,"org.eclipse.ui.edit.text.goto.lineEnd",1279102543208
executed,command,org.eclipse.ui,3.6.0.I20100603-1100,"org.eclipse.ui.file.save",1279102543598
executed,command,,,"AUTOGEN:::org.eclipse.jdt.internal.ui.CompilationUnitEditor.ruler.actions/org.eclipse.jdt.internal.ui.javaeditor.JavaSelectRulerAction",1279102548006
deactivated,workbench,org.eclipse.ui.workbench,3.6.0.I20100603-1100,"",1279102549682
activated,workbench,org.eclipse.ui.workbench,3.6.0.I20100603-1100,"",1279102549860
executed,command,org.eclipse.ui,3.6.0.I20100603-1100,"org.eclipse.ui.file.save",1279102552184
deactivated,workbench,org.eclipse.ui.workbench,3.6.0.I20100603-1100,"",1279102556546
activated,workbench,org.eclipse.ui.workbench,3.6.0.I20100603-1100,"",1279102564038
activated,editor,org.eclipse.jdt.ui,3.6.0.v20100602-1600,"org.eclipse.jdt.ui.CompilationUnitEditor",1279102565876
activated,editor,org.eclipse.jdt.ui,3.6.0.v20100602-1600,"org.eclipse.jdt.ui.CompilationUnitEditor",1279102572750
deactivated,workbench,org.eclipse.ui.workbench,3.6.0.I20100603-1100,"",1279102626635
activated,workbench,org.eclipse.ui.workbench,3.6.0.I20100603-1100,"",1279102627693
deactivated,workbench,org.eclipse.ui.workbench,3.6.0.I20100603-1100,"",1279102637875
activated,workbench,org.eclipse.ui.workbench,3.6.0.I20100603-1100,"",1279102640935
activated,editor,org.eclipse.jdt.ui,3.6.0.v20100602-1600,"org.eclipse.jdt.ui.CompilationUnitEditor",1279102647345
executed,command,org.eclipse.ui,3.6.0.I20100603-1100,"org.eclipse.ui.edit.copy",1279102651065
activated,editor,org.eclipse.jdt.ui,3.6.0.v20100602-1600,"org.eclipse.jdt.ui.CompilationUnitEditor",1279102651982
executed,command,org.eclipse.ui,3.6.0.I20100603-1100,"org.eclipse.ui.edit.paste",1279102654234
executed,command,org.eclipse.ui,3.6.0.I20100603-1100,"org.eclipse.ui.file.save",1279102661352
executed,command,org.eclipse.ui.workbench.texteditor,3.6.0.v20100520-0800,"org.eclipse.ui.edit.text.goto.lineEnd",1279102662118
executed,command,org.eclipse.ui.workbench.texteditor,3.6.0.v20100520-0800,"org.eclipse.ui.edit.text.goto.lineStart",1279102671775
executed,command,org.eclipse.ui.workbench.texteditor,3.6.0.v20100520-0800,"org.eclipse.ui.edit.text.goto.lineStart",1279102673662
executed,command,org.eclipse.ui.workbench.texteditor,3.6.0.v20100520-0800,"org.eclipse.ui.edit.text.select.lineEnd",1279102673966
executed,command,org.eclipse.ui,3.6.0.I20100603-1100,"org.eclipse.ui.edit.delete",1279102674745
executed,command,org.eclipse.ui,3.6.0.I20100603-1100,"org.eclipse.ui.edit.delete",1279102675137
executed,command,org.eclipse.ui,3.6.0.I20100603-1100,"org.eclipse.ui.file.save",1279102675559
executed,command,org.eclipse.ui,3.6.0.I20100603-1100,"org.eclipse.ui.edit.cut",1279102688967
executed,command,org.eclipse.ui.workbench.texteditor,3.6.0.v20100520-0800,"org.eclipse.ui.edit.text.select.lineStart",1279102691341
executed,command,org.eclipse.ui,3.6.0.I20100603-1100,"org.eclipse.ui.edit.delete",1279102691672
executed,command,org.eclipse.ui,3.6.0.I20100603-1100,"org.eclipse.ui.edit.delete",1279102691921
executed,command,org.eclipse.ui,3.6.0.I20100603-1100,"org.eclipse.ui.edit.paste",1279102695939
executed,command,org.eclipse.ui,3.6.0.I20100603-1100,"org.eclipse.ui.file.save",1279102696814
deactivated,workbench,org.eclipse.ui.workbench,3.6.0.I20100603-1100,"",1279102703539
activated,workbench,org.eclipse.ui.workbench,3.6.0.I20100603-1100,"",1279102707939
executed,command,org.eclipse.ui.workbench.texteditor,3.6.0.v20100520-0800,"org.eclipse.ui.edit.text.goto.lineStart",1279102708885
executed,command,org.eclipse.ui,3.6.0.I20100603-1100,"org.eclipse.ui.file.save",1279102709501
executed,command,org.eclipse.ui,3.6.0.I20100603-1100,"org.eclipse.ui.file.save",1279102713557
deactivated,workbench,org.eclipse.ui.workbench,3.6.0.I20100603-1100,"",1279102716169
activated,workbench,org.eclipse.ui.workbench,3.6.0.I20100603-1100,"",1279102758610
activated,view,org.eclipse.ui.console,3.5.0.v20100526,"org.eclipse.ui.console.ConsoleView",1279102782649
deactivated,workbench,org.eclipse.ui.workbench,3.6.0.I20100603-1100,"",1279102802073
activated,workbench,org.eclipse.ui.workbench,3.6.0.I20100603-1100,"",1279102804436
activated,editor,org.eclipse.jdt.ui,3.6.0.v20100602-1600,"org.eclipse.jdt.ui.CompilationUnitEditor",1279102807125
deactivated,workbench,org.eclipse.ui.workbench,3.6.0.I20100603-1100,"",1279102825302
activated,workbench,org.eclipse.ui.workbench,3.6.0.I20100603-1100,"",1279102851596
executed,command,org.eclipse.ui,3.6.0.I20100603-1100,"org.eclipse.ui.edit.selectAll",1279102853333
executed,command,org.eclipse.ui,3.6.0.I20100603-1100,"org.eclipse.ui.edit.paste",1279102855703
executed,command,org.eclipse.ui,3.6.0.I20100603-1100,"org.eclipse.ui.file.save",1279102856656
deactivated,workbench,org.eclipse.ui.workbench,3.6.0.I20100603-1100,"",1279102868934
activated,workbench,org.eclipse.ui.workbench,3.6.0.I20100603-1100,"",1279102899119
activated,editor,org.eclipse.jdt.ui,3.6.0.v20100602-1600,"org.eclipse.jdt.ui.CompilationUnitEditor",1279102902690
deactivated,workbench,org.eclipse.ui.workbench,3.6.0.I20100603-1100,"",1279102908764
activated,workbench,org.eclipse.ui.workbench,3.6.0.I20100603-1100,"",1279102928390
deactivated,workbench,org.eclipse.ui.workbench,3.6.0.I20100603-1100,"",1279102928441
activated,workbench,org.eclipse.ui.workbench,3.6.0.I20100603-1100,"",1279102929907
deactivated,workbench,org.eclipse.ui.workbench,3.6.0.I20100603-1100,"",1279102929981
activated,workbench,org.eclipse.ui.workbench,3.6.0.I20100603-1100,"",1279102931618
deactivated,workbench,org.eclipse.ui.workbench,3.6.0.I20100603-1100,"",1279102931639
activated,workbench,org.eclipse.ui.workbench,3.6.0.I20100603-1100,"",1279102933498
activated,editor,org.eclipse.jdt.ui,3.6.0.v20100602-1600,"org.eclipse.jdt.ui.CompilationUnitEditor",1279102933557
closed,editor,org.eclipse.jdt.ui,3.6.0.v20100602-1600,"org.eclipse.jdt.ui.CompilationUnitEditor",1279102933557
deactivated,workbench,org.eclipse.ui.workbench,3.6.0.I20100603-1100,"",1279102946147
activated,workbench,org.eclipse.ui.workbench,3.6.0.I20100603-1100,"",1279102969685
deactivated,workbench,org.eclipse.ui.workbench,3.6.0.I20100603-1100,"",1279102969759
activated,workbench,org.eclipse.ui.workbench,3.6.0.I20100603-1100,"",1279102970808
closed,workbench,org.eclipse.ui.workbench,3.6.0.I20100603-1100,"",1279102970966
stopped,bundle,org.eclipse.jst.j2ee.xdoclet.runtime,1.1.300.v201004280700,"org.eclipse.jst.j2ee.xdoclet.runtime",1279102971224
stopped,bundle,org.eclipse.jst.j2ee.ejb.annotations.xdoclet,1.2.100.v201003112036,"org.eclipse.jst.j2ee.ejb.annotations.xdoclet",1279102971225
stopped,bundle,org.eclipse.jst.server.generic.jboss,1.6.1.v200904151730,"org.eclipse.jst.server.generic.jboss",1279102971226
stopped,bundle,org.eclipse.jst.server.generic.jonas,1.5.205.v200805140145,"org.eclipse.jst.server.generic.jonas",1279102971227
stopped,bundle,org.eclipse.jst.server.generic.oc4j,1.5.206.v20090812,"org.eclipse.jst.server.generic.oc4j",1279102971228
stopped,bundle,org.eclipse.jst.server.websphere.core,1.0.302.v20080620,"org.eclipse.jst.server.websphere.core",1279102971228
stopped,bundle,org.eclipse.jst.server.generic.ui,1.0.505.v20100428,"org.eclipse.jst.server.generic.ui",1279102971229
stopped,bundle,org.eclipse.jst.server.generic.core,1.0.606.v20100512,"org.eclipse.jst.server.generic.core",1279102971230
stopped,bundle,org.eclipse.mylyn.ide.ant,3.4.0.v20100608-0100-e3x,"org.eclipse.mylyn.ide.ant",1279102971231
stopped,bundle,org.eclipse.datatools.connectivity.oda.template.ui,3.2.1.v201004090942,"org.eclipse.datatools.connectivity.oda.template.ui",1279102971231
stopped,bundle,org.eclipse.pde.api.tools.ui,1.0.200.v20100601-1815,"org.eclipse.pde.api.tools.ui",1279102971231
stopped,bundle,org.eclipse.pde.ds.ui,1.0.100.v20100601,"org.eclipse.pde.ds.ui",1279102971232
stopped,bundle,org.eclipse.pde.runtime,3.4.200.v20100601,"org.eclipse.pde.runtime",1279102971232
stopped,bundle,org.eclipse.pde.ua.ui,1.0.100.v20100504,"org.eclipse.pde.ua.ui",1279102971233
stopped,bundle,org.eclipse.pde.ui.templates,3.4.200.v20100601,"org.eclipse.pde.ui.templates",1279102971234
stopped,bundle,org.eclipse.pde.ui,3.6.0.v20100601,"org.eclipse.pde.ui",1279102971234
stopped,bundle,org.eclipse.ant.ui,3.5.0.v20100427,"org.eclipse.ant.ui",1279102971235
stopped,bundle,org.eclipse.ant.launching,1.0.0.v20100427,"org.eclipse.ant.launching",1279102971235
stopped,bundle,org.eclipse.compare.win32,1.0.100.I20100505-1245,"org.eclipse.compare.win32",1279102971236
stopped,bundle,org.eclipse.equinox.p2.ui.sdk,1.0.100.v20100513,"org.eclipse.equinox.p2.ui.sdk",1279102971237
stopped,bundle,org.eclipse.jst.server.tomcat.ui,1.1.200.v20100418,"org.eclipse.jst.server.tomcat.ui",1279102971237
stopped,bundle,org.eclipse.jst.server.ui,1.1.100.v20100511,"org.eclipse.jst.server.ui",1279102971238
stopped,bundle,org.eclipse.mylyn.java.tasks,3.4.0.v20100608-0100-e3x,"org.eclipse.mylyn.java.tasks",1279102971238
stopped,bundle,org.eclipse.mylyn.java.ui,3.4.0.v20100608-0100-e3x,"org.eclipse.mylyn.java.ui",1279102971257
stopped,bundle,org.eclipse.jdt.junit,3.6.0.v20100526-0800,"org.eclipse.jdt.junit",1279102971257
stopped,bundle,org.eclipse.jpt.eclipselink.ui,1.3.0.v201004280001,"org.eclipse.jpt.eclipselink.ui",1279102971258
stopped,bundle,org.eclipse.jpt.eclipselink.core,1.3.0.v201005250000,"org.eclipse.jpt.eclipselink.core",1279102971259
stopped,bundle,org.eclipse.jpt.jaxb.ui,1.0.0.v201006070001,"org.eclipse.jpt.jaxb.ui",1279102971259
stopped,bundle,org.eclipse.jpt.ui,2.3.0.v201005190001,"org.eclipse.jpt.ui",1279102971260
stopped,bundle,org.eclipse.jpt.core,2.3.0.v201006020000,"org.eclipse.jpt.core",1279102971260
stopped,bundle,org.eclipse.jpt.db,1.2.200.v201004290000,"org.eclipse.jpt.db",1279102971261
stopped,bundle,org.eclipse.datatools.enablement.jdt.classpath,1.0.1.v201004070709,"org.eclipse.datatools.enablement.jdt.classpath",1279102971261
stopped,bundle,org.eclipse.jdt.apt.ui,3.3.300.v20100513-0845,"org.eclipse.jdt.apt.ui",1279102971262
stopped,bundle,org.eclipse.datatools.enablement.sybase.asa.schemaobjecteditor.examples,2.5.0.200810071,"org.eclipse.datatools.enablement.sybase.asa.schemaobjecteditor.examples",1279102971263
stopped,bundle,org.eclipse.datatools.sqltools.debugger.core.ui,1.0.0.v201003161000,"org.eclipse.datatools.sqltools.debugger.core.ui",1279102971264
stopped,bundle,org.eclipse.jst.server.preview.adapter,1.1.100.v20100308,"org.eclipse.jst.server.preview.adapter",1279102971264
stopped,bundle,org.eclipse.wst.xsl.jaxp.debug.ui,1.0.100.v201004290328,"org.eclipse.wst.xsl.jaxp.debug.ui",1279102971265
stopped,bundle,com.sysdeo.eclipse.tomcat,3.2.1,"com.sysdeo.eclipse.tomcat",1279102971265
stopped,bundle,org.eclipse.jdt.debug.ui,3.5.0.v20100602-0830,"org.eclipse.jdt.debug.ui",1279102971265
stopped,bundle,org.eclipse.jst.common.annotations.ui,1.1.300.v201002081900,"org.eclipse.jst.common.annotations.ui",1279102971266
stopped,bundle,org.eclipse.jst.j2ee.ejb.annotations.ui,1.1.200.v201004290730,"org.eclipse.jst.j2ee.ejb.annotations.ui",1279102971266
stopped,bundle,org.eclipse.jst.ejb.ui,1.1.500.v201004280901,"org.eclipse.jst.ejb.ui",1279102971267
stopped,bundle,org.eclipse.jst.ws.axis.creation.ui,1.0.506.v201004211805,"org.eclipse.jst.ws.axis.creation.ui",1279102971268
stopped,bundle,org.eclipse.jst.ws.axis.consumption.ui,1.0.505.v201004211805,"org.eclipse.jst.ws.axis.consumption.ui",1279102971269
stopped,bundle,org.eclipse.jst.ws.axis2.creation.ui,1.0.104.v201004211805,"org.eclipse.jst.ws.axis2.creation.ui",1279102971270
stopped,bundle,org.eclipse.jst.ws.axis2.consumption.ui,1.0.103.v201004211805,"org.eclipse.jst.ws.axis2.consumption.ui",1279102971270
stopped,bundle,org.eclipse.jst.ws.axis2.creation.core,1.0.106.v201004211805,"org.eclipse.jst.ws.axis2.creation.core",1279102971271
stopped,bundle,org.eclipse.jst.ws.axis2.consumption.core,1.0.105.v201004211805,"org.eclipse.jst.ws.axis2.consumption.core",1279102971272
stopped,bundle,org.eclipse.jst.ws.cxf.creation.ui,1.0.0.v201003311345,"org.eclipse.jst.ws.cxf.creation.ui",1279102971273
stopped,bundle,org.eclipse.jst.ws.creation.ui,1.0.508.v201006011553,"org.eclipse.jst.ws.creation.ui",1279102971273
stopped,bundle,org.eclipse.jst.ws.cxf.consumption.ui,1.0.0.v201003222311,"org.eclipse.jst.ws.cxf.consumption.ui",1279102971274
stopped,bundle,org.eclipse.jst.ws.consumption.ui,1.1.204.v201006011553,"org.eclipse.jst.ws.consumption.ui",1279102971275
stopped,bundle,org.eclipse.jst.j2ee.webservice.ui,1.1.400.v201004110600,"org.eclipse.jst.j2ee.webservice.ui",1279102971275
stopped,bundle,org.eclipse.jst.servlet.ui,1.1.400.v201005272100,"org.eclipse.jst.servlet.ui",1279102971275
stopped,bundle,org.eclipse.jst.ws.jaxws.dom.integration,1.0.0.v201004171919,"org.eclipse.jst.ws.jaxws.dom.integration",1279102971275
stopped,bundle,org.eclipse.jst.jee.ui,1.0.300.v201005191301,"org.eclipse.jst.jee.ui",1279102971275
stopped,bundle,org.eclipse.jst.j2ee.navigator.ui,1.1.400.v201004280900,"org.eclipse.jst.j2ee.navigator.ui",1279102971275
stopped,bundle,org.eclipse.jst.j2ee.jca.ui,1.1.400.v201004150700,"org.eclipse.jst.j2ee.jca.ui",1279102971276
stopped,bundle,org.eclipse.jst.j2ee.ui,1.1.400.v201006030400,"org.eclipse.jst.j2ee.ui",1279102971276
stopped,bundle,org.eclipse.jst.jsf.facelet.ui,1.0.0.v20100602,"org.eclipse.jst.jsf.facelet.ui",1279102971276
stopped,bundle,org.eclipse.jst.jsf.ui,1.3.0.v20100525,"org.eclipse.jst.jsf.ui",1279102971277
stopped,bundle,org.eclipse.jst.ws.jaxrs.ui,1.0.0.v201005191955,"org.eclipse.jst.ws.jaxrs.ui",1279102971278
stopped,bundle,org.eclipse.jst.common.project.facet.ui,1.4.100.v201005171604,"org.eclipse.jst.common.project.facet.ui",1279102971278
stopped,bundle,org.eclipse.jst.common.ui,1.0.0.v201005270700,"org.eclipse.jst.common.ui",1279102971279
stopped,bundle,org.eclipse.jst.j2ee.ejb.annotations.emitter,1.1.200.v200909290826,"org.eclipse.jst.j2ee.ejb.annotations.emitter",1279102971279
stopped,bundle,org.eclipse.jst.jsf.apache.trinidad.tagsupport,1.1.100.v201003141853,"org.eclipse.jst.jsf.apache.trinidad.tagsupport",1279102971280
stopped,bundle,org.eclipse.jst.jsf.facesconfig.ui,1.2.0.v20100421,"org.eclipse.jst.jsf.facesconfig.ui",1279102971280
stopped,bundle,org.eclipse.jst.pagedesigner.jsf.ui,1.2.0.v20100414,"org.eclipse.jst.pagedesigner.jsf.ui",1279102971281
stopped,bundle,org.eclipse.jst.pagedesigner,1.3.0.v20100510,"org.eclipse.jst.pagedesigner",1279102971282
stopped,bundle,org.eclipse.jst.jsf.common.ui,1.2.0.v20100329,"org.eclipse.jst.jsf.common.ui",1279102971283
stopped,bundle,org.eclipse.jst.jsf.facelet.core,1.0.0.v20100604,"org.eclipse.jst.jsf.facelet.core",1279102971283
stopped,bundle,org.eclipse.jst.jsf.core,1.3.0.v20100602,"org.eclipse.jst.jsf.core",1279102971284
stopped,bundle,org.eclipse.jst.jsf.standard.tagsupport,1.2.0.v20100526,"org.eclipse.jst.jsf.standard.tagsupport",1279102971285
stopped,bundle,org.eclipse.jst.pagedesigner.jsp.core,1.2.0.v20100308,"org.eclipse.jst.pagedesigner.jsp.core",1279102971285
stopped,bundle,org.eclipse.jst.jsf.common,1.2.0.v20100604,"org.eclipse.jst.jsf.common",1279102971286
stopped,bundle,org.eclipse.wst.jsdt.web.support.jsp,1.0.300.v201005200151,"org.eclipse.wst.jsdt.web.support.jsp",1279102971287
stopped,bundle,org.eclipse.jst.jsp.ui,1.1.500.v201006030742,"org.eclipse.jst.jsp.ui",1279102971287
stopped,bundle,org.eclipse.jst.ws.cxf.consumption.core,1.0.0.v201003222311,"org.eclipse.jst.ws.cxf.consumption.core",1279102971288
stopped,bundle,org.eclipse.jst.ws.cxf.creation.core,1.0.0.v201003311345,"org.eclipse.jst.ws.cxf.creation.core",1279102971289
stopped,bundle,org.eclipse.jst.ws.cxf.ui,1.0.0.v201004171919,"org.eclipse.jst.ws.cxf.ui",1279102971289
stopped,bundle,org.eclipse.jst.ws.cxf.core,1.0.0.v201003311345,"org.eclipse.jst.ws.cxf.core",1279102971290
stopped,bundle,org.eclipse.jst.ws.jaxws.ui,1.0.0.v201004262257,"org.eclipse.jst.ws.jaxws.ui",1279102971290
stopped,bundle,org.eclipse.jst.ws.jaxws.core,1.0.0.v201004171919,"org.eclipse.jst.ws.jaxws.core",1279102971290
stopped,bundle,org.eclipse.jst.ws.annotations.core,1.0.0.v201004262257,"org.eclipse.jst.ws.annotations.core",1279102971290
stopped,bundle,org.eclipse.jst.ws.axis2.ui,1.0.303.v201003110431,"org.eclipse.jst.ws.axis2.ui",1279102971291
stopped,bundle,org.eclipse.jst.ws.uddiregistry,1.0.500.v201004211805,"org.eclipse.jst.ws.uddiregistry",1279102971291
stopped,bundle,org.eclipse.jst.ws.ui,1.0.403.v201004211805,"org.eclipse.jst.ws.ui",1279102971291
stopped,bundle,org.eclipse.jdt.ui,3.6.0.v20100602-1600,"org.eclipse.jdt.ui",1279102971291
stopped,bundle,org.eclipse.rse.importexport,1.2.100.v201003010830,"org.eclipse.rse.importexport",1279102971291
stopped,bundle,org.eclipse.rse.subsystems.shells.telnet,1.2.0.v200905272300,"org.eclipse.rse.subsystems.shells.telnet",1279102971292
stopped,bundle,org.eclipse.rse.useractions,1.1.100.v200905272300,"org.eclipse.rse.useractions",1279102971293
stopped,bundle,org.eclipse.rse.shells.ui,3.0.200.v201006041352,"org.eclipse.rse.shells.ui",1279102971293
stopped,bundle,org.eclipse.rse.files.ui,3.1.100.v201005221100,"org.eclipse.rse.files.ui",1279102971294
stopped,bundle,org.eclipse.rse.processes.ui,3.0.200.v201003010830,"org.eclipse.rse.processes.ui",1279102971294
